/kaca https://kaca.toiletcubicle.co.id/bahan/kaca 301
/bahan/kaca https://kaca.toiletcubicle.co.id/bahan/kaca 301
/phenolic /bahan/phenolic 301
/pvc /bahan/pvc 301
/wpc /bahan/wpc 301
/akrilik /bahan/akrilik 301
/hpl /bahan/hpl 301
/grc /bahan/grc 301
/kaca/:slug https://kaca.toiletcubicle.co.id/kaca/:slug 301
/kaca/:slug.html https://kaca.toiletcubicle.co.id/kaca/:slug.html 301
/artikel2/:slug /artikel/:slug 301
/pvc/:slug-2 /pvc/:slug 301
/phenolic/:slug-2 /phenolic/:slug 301